<?xml version="1.0" encoding="UTF-8"?>
	<!--
		Licensed to the Apache Software Foundation (ASF) under one or more
		contributor license agreements. See the NOTICE file distributed with
		this work for additional information regarding copyright ownership.
		The ASF licenses this file to You under the Apache License, Version
		2.0 (the "License"); you may not use this file except in compliance
		with the License. You may obtain a copy of the License at

		http://www.apache.org/licenses/LICENSE-2.0 Unless required by
		applicable law or agreed to in writing, software distributed under the
		License is distributed on an "AS IS" BASIS, WITHOUT WARRANTIES OR
		CONDITIONS OF ANY KIND, either express or implied. See the License for
		the specific language governing permissions and limitations under the
		License.
	-->
<beans xmlns="http://www.springframework.org/schema/beans"
	xmlns:xsi="http://www.w3.org/2001/XMLSchema-instance"
	xmlns:context="http://www.springframework.org/schema/context"
	xmlns:jaxws="http://cxf.apache.org/jaxws"
	xmlns:customer="http://customerservice.example.com/"
	xsi:schemaLocation="http://www.springframework.org/schema/beans http://www.springframework.org/schema/beans/spring-beans-2.5.xsd
		http://www.springframework.org/schema/context http://www.springframework.org/schema/context/spring-context-2.5.xsd
		http://cxf.apache.org/core http://cxf.apache.org/schemas/core.xsd
		http://cxf.apache.org/jaxws http://cxf.apache.org/schemas/jaxws.xsd
">

	<import resource="classpath:META-INF/cxf/cxf.xml" />
	<import resource="classpath:META-INF/cxf/cxf-extension-soap.xml" />
	<import resource="classpath:META-INF/cxf/cxf-extension-http.xml" />

	<!--
		Define a cxf endpoint based on client stub generated from a wsdl. It
		is important to provide serviceName and endpointName so the wsdl is
		not needed at runtime. As far as I know the serviceName and
		endpointName do not have to have a special convention but it is good
		practice to use the service namespace and Service Interface name in
		the names
	-->
	<jaxws:client id="customerService" 
		serviceName="customer:CustomerServiceService" 
		endpointName="customer:CustomerServiceEndpoint"
		address="http://localhost:9090/CustomerServicePort" 
		serviceClass="com.example.customerservice.CustomerService">
	</jaxws:client>
	
	<bean id="tester" class="com.example.customerservice.client.CustomerServiceTester">
		<property name="customerService" ref="customerService"></property>
	</bean>
</beans>
