<?xml version="1.0" encoding="UTF-8"?>
<!--
 Licensed to the Apache Software Foundation (ASF) under one
 or more contributor license agreements. See the NOTICE file
 distributed with this work for additional information
 regarding copyright ownership. The ASF licenses this file
 to you under the Apache License, Version 2.0 (the
 "License"); you may not use this file except in compliance
 with the License. You may obtain a copy of the License at
 
 http://www.apache.org/licenses/LICENSE-2.0
 
 Unless required by applicable law or agreed to in writing,
 software distributed under the License is distributed on an
 "AS IS" BASIS, WITHOUT WARRANTIES OR CONDITIONS OF ANY
 KIND, either express or implied. See the License for the
 specific language governing permissions and limitations
 under the License.
-->
<beans xmlns="http://www.springframework.org/schema/beans"
       xmlns:xsi="http://www.w3.org/2001/XMLSchema-instance"
       xmlns:http="http://cxf.apache.org/transports/http/configuration"
       xmlns:jaxws="http://cxf.apache.org/jaxws"
       xmlns:cxf="http://cxf.apache.org/core"
       xmlns:p="http://cxf.apache.org/policy"
       xmlns:sec="http://cxf.apache.org/configuration/security"
       xsi:schemaLocation="
          http://www.springframework.org/schema/beans           http://www.springframework.org/schema/beans/spring-beans.xsd
          http://cxf.apache.org/jaxws                           http://cxf.apache.org/schemas/jaxws.xsd
          http://cxf.apache.org/transports/http/configuration   http://cxf.apache.org/schemas/configuration/http-conf.xsd
          http://cxf.apache.org/configuration/security          http://cxf.apache.org/schemas/configuration/security.xsd
          http://cxf.apache.org/core http://cxf.apache.org/schemas/core.xsd
          http://cxf.apache.org/policy http://cxf.apache.org/schemas/policy.xsd"
>
    <cxf:bus>
        <cxf:features>
            <p:policies/>
            <cxf:logging/>
        </cxf:features>
    </cxf:bus>
    

    <jaxws:client name="{http://InteropBaseAddress/interop}SecureConversation_UserNameOverTransport_IPingService" createdFromAPI="true">
        <jaxws:properties>
            <entry key="ws-security.username.sct" value="Alice"/>
            <entry key="ws-security.callback-handler.sct" value="interop.client.UTPasswordCallback"/>
        </jaxws:properties>
    </jaxws:client>
    <jaxws:client name="{http://InteropBaseAddress/interop}SecureConversation_MutualCertificate10SignEncrypt_IPingService" createdFromAPI="true">
        <jaxws:properties>
            <entry key="ws-security.callback-handler.sct" value="interop.client.KeystorePasswordCallback"/>
            <entry key="ws-security.signature.properties.sct" value="etc/alice.properties"/>
            <entry key="ws-security.encryption.properties.sct" value="etc/bob.properties"/>
        </jaxws:properties>
    </jaxws:client>
    
    
    <jaxws:client name="{http://InteropBaseAddress/interop}AC_IPingService" createdFromAPI="true">
        <jaxws:properties>
            <entry key="ws-security.callback-handler.sct" value="interop.client.KeystorePasswordCallback"/>
            <entry key="ws-security.encryption.properties.sct" value="etc/bob.properties"/> 
        </jaxws:properties>
    </jaxws:client>
    <jaxws:client name="{http://InteropBaseAddress/interop}ADC_IPingService" createdFromAPI="true">
        <jaxws:properties>
            <entry key="ws-security.callback-handler.sct" value="interop.client.KeystorePasswordCallback"/>
            <entry key="ws-security.encryption.properties.sct" value="etc/bob.properties"/> 
        </jaxws:properties>
    </jaxws:client>
    <jaxws:client name="{http://InteropBaseAddress/interop}ADC-ES_IPingService" createdFromAPI="true">
        <jaxws:properties>
            <entry key="ws-security.callback-handler.sct" value="interop.client.KeystorePasswordCallback"/>
            <entry key="ws-security.encryption.properties.sct" value="etc/bob.properties"/> 
        </jaxws:properties>
    </jaxws:client>
    <jaxws:client name="{http://InteropBaseAddress/interop}_A_IPingService" createdFromAPI="true">
        <jaxws:properties>
            <entry key="ws-security.callback-handler.sct" value="interop.client.KeystorePasswordCallback"/>
            <entry key="ws-security.encryption.properties.sct" value="etc/bob.properties"/> 
        </jaxws:properties>
    </jaxws:client>
    <jaxws:client name="{http://InteropBaseAddress/interop}_AD_IPingService" createdFromAPI="true">
        <jaxws:properties>
            <entry key="ws-security.callback-handler.sct" value="interop.client.KeystorePasswordCallback"/>
            <entry key="ws-security.encryption.properties.sct" value="etc/bob.properties"/> 
        </jaxws:properties>
    </jaxws:client>
    <jaxws:client name="{http://InteropBaseAddress/interop}_AD-ES_IPingService" createdFromAPI="true">
        <jaxws:properties>
            <entry key="ws-security.callback-handler.sct" value="interop.client.KeystorePasswordCallback"/>
            <entry key="ws-security.encryption.properties.sct" value="etc/bob.properties"/> 
        </jaxws:properties>
    </jaxws:client>

    <jaxws:client name="{http://InteropBaseAddress/interop}XC_IPingService" createdFromAPI="true">
        <jaxws:properties>
            <entry key="ws-security.username.sct" value="abcd"/>
            <entry key="ws-security.callback-handler.sct" value="interop.client.KeystorePasswordCallback"/>
            <entry key="ws-security.encryption.properties.sct" value="etc/bob.properties"/>
        </jaxws:properties>
    </jaxws:client>
    
    <jaxws:client name="{http://InteropBaseAddress/interop}XDC_IPingService" createdFromAPI="true">
        <jaxws:properties>
            <entry key="ws-security.username.sct" value="abcd"/>
            <entry key="ws-security.callback-handler.sct" value="interop.client.KeystorePasswordCallback"/>
            <entry key="ws-security.encryption.properties.sct" value="etc/bob.properties"/> 
        </jaxws:properties>
    </jaxws:client> 
    
    <jaxws:client name="{http://InteropBaseAddress/interop}XDC_IPingService1" createdFromAPI="true">
        <jaxws:properties>
            <entry key="ws-security.username.sct" value="abcd"/>
            <entry key="ws-security.callback-handler.sct" value="interop.client.KeystorePasswordCallback"/>
            <entry key="ws-security.encryption.properties.sct" value="etc/bob.properties"/> 
        </jaxws:properties>
    </jaxws:client>        
    
    <jaxws:client name="{http://InteropBaseAddress/interop}XDC-ES_IPingService" createdFromAPI="true">
        <jaxws:properties>
            <entry key="ws-security.username.sct" value="abcd"/>
            <entry key="ws-security.callback-handler.sct" value="interop.client.KeystorePasswordCallback"/>
            <entry key="ws-security.encryption.properties.sct" value="etc/bob.properties"/> 
        </jaxws:properties>
    </jaxws:client>  
    
    <jaxws:client name="{http://InteropBaseAddress/interop}XDC-SEES_IPingService" createdFromAPI="true">
        <jaxws:properties>
            <entry key="ws-security.username.sct" value="abcd"/>
            <entry key="ws-security.callback-handler.sct" value="interop.client.KeystorePasswordCallback"/>
            <entry key="ws-security.encryption.properties.sct" value="etc/bob.properties"/> 
        </jaxws:properties>
    </jaxws:client>   

    <jaxws:client name="{http://InteropBaseAddress/interop}_X_IPingService" createdFromAPI="true">
        <jaxws:properties>
            <entry key="ws-security.username.sct" value="abcd"/>
            <entry key="ws-security.callback-handler.sct" value="interop.client.KeystorePasswordCallback"/>
            <entry key="ws-security.encryption.properties.sct" value="etc/bob.properties"/> 
        </jaxws:properties>
    </jaxws:client>   

    <jaxws:client name="{http://InteropBaseAddress/interop}_X10_IPingService" createdFromAPI="true">
        <jaxws:properties>
            <entry key="ws-security.username.sct" value="abcd"/>
            <entry key="ws-security.callback-handler.sct" value="interop.client.KeystorePasswordCallback"/>
            <entry key="ws-security.signature.properties.sct" value="etc/alice.properties"/>
            <entry key="ws-security.encryption.properties.sct" value="etc/bob.properties"/> 
        </jaxws:properties>
    </jaxws:client>   

    <jaxws:client name="{http://InteropBaseAddress/interop}_XD_IPingService" createdFromAPI="true">
        <jaxws:properties>
            <entry key="ws-security.username.sct" value="abcd"/>
            <entry key="ws-security.callback-handler.sct" value="interop.client.KeystorePasswordCallback"/>
            <entry key="ws-security.encryption.properties.sct" value="etc/bob.properties"/> 
        </jaxws:properties>
    </jaxws:client> 
    
    <jaxws:client name="{http://InteropBaseAddress/interop}_XD-SEES_IPingService" createdFromAPI="true">
        <jaxws:properties>
            <entry key="ws-security.username.sct" value="abcd"/>
            <entry key="ws-security.callback-handler.sct" value="interop.client.KeystorePasswordCallback"/>
            <entry key="ws-security.encryption.properties.sct" value="etc/bob.properties"/> 
        </jaxws:properties>
    </jaxws:client>       

    <jaxws:client name="{http://InteropBaseAddress/interop}_XD-ES_IPingService" createdFromAPI="true">
        <jaxws:properties>
            <entry key="ws-security.username.sct" value="abcd"/>
            <entry key="ws-security.callback-handler.sct" value="interop.client.KeystorePasswordCallback"/>
            <entry key="ws-security.encryption.properties.sct" value="etc/bob.properties"/> 
        </jaxws:properties>
    </jaxws:client>     
    
    <jaxws:client name="{http://InteropBaseAddress/interop}UXC_IPingService" createdFromAPI="true">
        <jaxws:properties>
            <entry key="ws-security.username.sct" value="abcd"/>
            <entry key="ws-security.callback-handler.sct" value="interop.client.KeystorePasswordCallback"/>
            <entry key="ws-security.encryption.properties.sct" value="etc/bob.properties"/> 
        </jaxws:properties>
    </jaxws:client>
    <jaxws:client name="{http://InteropBaseAddress/interop}UXDC_IPingService" createdFromAPI="true">
        <jaxws:properties>
            <entry key="ws-security.username.sct" value="abcd"/>
            <entry key="ws-security.callback-handler.sct" value="interop.client.KeystorePasswordCallback"/>
            <entry key="ws-security.encryption.properties.sct" value="etc/bob.properties"/> 
        </jaxws:properties>
    </jaxws:client>
    <jaxws:client name="{http://InteropBaseAddress/interop}UXDC-SEES_IPingService" createdFromAPI="true">
        <jaxws:properties>
            <entry key="ws-security.username.sct" value="abcd"/>
            <entry key="ws-security.callback-handler.sct" value="interop.client.KeystorePasswordCallback"/>
            <entry key="ws-security.encryption.properties.sct" value="etc/bob.properties"/> 
        </jaxws:properties>
    </jaxws:client>
    <jaxws:client name="{http://InteropBaseAddress/interop}_UX_IPingService" createdFromAPI="true">
        <jaxws:properties>
            <entry key="ws-security.username.sct" value="abcd"/>
            <entry key="ws-security.callback-handler.sct" value="interop.client.KeystorePasswordCallback"/>
            <entry key="ws-security.encryption.properties.sct" value="etc/bob.properties"/> 
        </jaxws:properties>
    </jaxws:client>
    <jaxws:client name="{http://InteropBaseAddress/interop}_UXD_IPingService" createdFromAPI="true">
        <jaxws:properties>
            <entry key="ws-security.username.sct" value="abcd"/>
            <entry key="ws-security.callback-handler.sct" value="interop.client.KeystorePasswordCallback"/>
            <entry key="ws-security.encryption.properties.sct" value="etc/bob.properties"/> 
        </jaxws:properties>
    </jaxws:client>
    <jaxws:client name="{http://InteropBaseAddress/interop}_UXD-SEES_IPingService" createdFromAPI="true">
        <jaxws:properties>
            <entry key="ws-security.username.sct" value="abcd"/>
            <entry key="ws-security.callback-handler.sct" value="interop.client.KeystorePasswordCallback"/>
            <entry key="ws-security.encryption.properties.sct" value="etc/bob.properties"/> 
        </jaxws:properties>
    </jaxws:client>
    
   	<http:conduit name="http://131.107.72.15/.*">
        <http:client AllowChunking="false"/>
    </http:conduit>
   	<http:conduit name="http://131.107.153.205/.*">
        <http:client AllowChunking="false"/>
    </http:conduit>
    <http:conduit name="https://131.107.72.15/.*">
        <http:tlsClientParameters disableCNCheck="true">
            <sec:keyManagers keyPassword="password">
                <sec:keyStore type="pkcs12" password="password" resource="certs/alice.pfx"/>
            </sec:keyManagers>
            <sec:trustManagers>
                <sec:keyStore type="pkcs12" password="password" resource="certs/bob.pfx"/>
            </sec:trustManagers>
        </http:tlsClientParameters>
        <http:client AllowChunking="false"/>
    </http:conduit>
    <http:conduit name="https://131.107.153.205/.*">
        <http:tlsClientParameters disableCNCheck="true">
            <sec:keyManagers keyPassword="password">
                <sec:keyStore type="pkcs12" password="password" resource="certs/bob.pfx"/>
            </sec:keyManagers>
            <sec:trustManagers>
                <sec:keyStore type="pkcs12" password="password" resource="certs/WssIP.pfx"/>
            </sec:trustManagers>
        </http:tlsClientParameters>
        <http:client AllowChunking="false"/>
    </http:conduit>
    <http:conduit name="https://131.107.153.205:8443/.*">
        <http:tlsClientParameters disableCNCheck="true">
            <sec:keyManagers keyPassword="password">
                <sec:keyStore type="pkcs12" password="password" resource="certs/alice.pfx"/>
            </sec:keyManagers>
            <sec:trustManagers>
                <sec:keyStore type="pkcs12" password="password" resource="certs/WssIP.pfx"/>
            </sec:trustManagers>
        </http:tlsClientParameters>
        <http:client AllowChunking="false"/>
    </http:conduit>
    
    
</beans>
