<?xml version="1.0" encoding="UTF-8" standalone="yes"?>

<!--/**
 * Licensed to the Apache Software Foundation (ASF) under one
 * or more contributor license agreements. See the NOTICE file
 * distributed with this work for additional information
 * regarding copyright ownership. The ASF licenses this file
 * to you under the Apache License, Version 2.0 (the
 * "License"); you may not use this file except in compliance
 * with the License. You may obtain a copy of the License at
 *
 * http://www.apache.org/licenses/LICENSE-2.0
 *
 * Unless required by applicable law or agreed to in writing,
 * software distributed under the License is distributed on an
 * "AS IS" BASIS, WITHOUT WARRANTIES OR CONDITIONS OF ANY
 * KIND, either express or implied. See the License for the
 * specific language governing permissions and limitations
 * under the License.
 */-->
<jbi xmlns="http://java.sun.com/xml/ns/jbi" xmlns:xsi="http://www.w3.org/2001/XMLSchema-instance" version="1.0" xsi:schemaLocation="http://java.sun.com/xml/ns/jbi ./jbi.xsd">
  <service-assembly> 
    <identification> 
      <name>cxf-demo-service-assembly</name> 
      <description>Service Assembly for JBI Demo Component</description> 
    </identification> 
    <service-unit> 
      <identification> 
        <name>JBIDemoSE_AProvider</name> 
        <description>Service Engine Service Provider Sub-Assembly for JBI Demo</description> 
      </identification> 
      <target> 
        <artifacts-zip>cxf-service-provider.jar</artifacts-zip> 
        <component-name>CXFServiceEngine</component-name> 
      </target> 
    </service-unit> 
    <service-unit> 
      <identification> 
        <name>JBIDemoSE_BConsumer</name> 
        <description>Service Engine Service Consumer Sub-Assembly for JBI Demo</description> 
      </identification> 
      <target> 
        <artifacts-zip>cxf-service-consumer.jar</artifacts-zip> 
        <component-name>CXFServiceEngine</component-name> 
      </target> 
    </service-unit> 
  </service-assembly> 
</jbi>
